/Users/johannbotha/Documents/College/2012/Fall/SD/Open_Cv_practice/face_recognize/eigenfaces/pic/val/1.JPG;0
/Users/johannbotha/Documents/College/2012/Fall/SD/Open_Cv_practice/face_recognize/eigenfaces/pic/val/2.JPG;0
/Users/johannbotha/Documents/College/2012/Fall/SD/Open_Cv_practice/face_recognize/eigenfaces/pic/val/3.JPG;0
/Users/johannbotha/Documents/College/2012/Fall/SD/Open_Cv_practice/face_recognize/eigenfaces/pic/val/4.JPG;0
/Users/johannbotha/Documents/College/2012/Fall/SD/Open_Cv_practice/face_recognize/eigenfaces/pic/val/5.JPG;0
/Users/johannbotha/Documents/College/2012/Fall/SD/Open_Cv_practice/face_recognize/eigenfaces/pic/jj/1.JPG;1
/Users/johannbotha/Documents/College/2012/Fall/SD/Open_Cv_practice/face_recognize/eigenfaces/pic/jj/2.JPG;1
/Users/johannbotha/Documents/College/2012/Fall/SD/Open_Cv_practice/face_recognize/eigenfaces/pic/jj/3.JPG;1
/Users/johannbotha/Documents/College/2012/Fall/SD/Open_Cv_practice/face_recognize/eigenfaces/pic/jj/4.JPG;1
/Users/johannbotha/Documents/College/2012/Fall/SD/Open_Cv_practice/face_recognize/eigenfaces/pic/jason/1.JPG;2
/Users/johannbotha/Documents/College/2012/Fall/SD/Open_Cv_practice/face_recognize/eigenfaces/pic/jason/2.JPG;2
/Users/johannbotha/Documents/College/2012/Fall/SD/Open_Cv_practice/face_recognize/eigenfaces/pic/jason/3.JPG;2
/Users/johannbotha/Documents/College/2012/Fall/SD/Open_Cv_practice/face_recognize/eigenfaces/pic/jason/4.JPG;2
/Users/johannbotha/Documents/College/2012/Fall/SD/Open_Cv_practice/face_recognize/eigenfaces/pic/jason/5.JPG;2
/Users/johannbotha/Documents/College/2012/Fall/SD/Open_Cv_practice/face_recognize/eigenfaces/pic/jason/6.JPG;2
/Users/johannbotha/Documents/College/2012/Fall/SD/Open_Cv_practice/face_recognize/eigenfaces/pic/jason/7.JPG;2
/Users/johannbotha/Documents/College/2012/Fall/SD/Open_Cv_practice/face_recognize/eigenfaces/pic/jason/8.JPG;2
/Users/johannbotha/Documents/College/2012/Fall/SD/Open_Cv_practice/face_recognize/eigenfaces/pic/eli/1.JPG;3
/Users/johannbotha/Documents/College/2012/Fall/SD/Open_Cv_practice/face_recognize/eigenfaces/pic/eli/9.JPG;3
/Users/johannbotha/Documents/College/2012/Fall/SD/Open_Cv_practice/face_recognize/eigenfaces/pic/eli/2.JPG;3
/Users/johannbotha/Documents/College/2012/Fall/SD/Open_Cv_practice/face_recognize/eigenfaces/pic/eli/3.JPG;3
/Users/johannbotha/Documents/College/2012/Fall/SD/Open_Cv_practice/face_recognize/eigenfaces/pic/eli/4.JPG;3
/Users/johannbotha/Documents/College/2012/Fall/SD/Open_Cv_practice/face_recognize/eigenfaces/pic/eli/5.JPG;3
/Users/johannbotha/Documents/College/2012/Fall/SD/Open_Cv_practice/face_recognize/eigenfaces/pic/eli/6.JPG;3
/Users/johannbotha/Documents/College/2012/Fall/SD/Open_Cv_practice/face_recognize/eigenfaces/pic/eli/7.JPG;3
/Users/johannbotha/Documents/College/2012/Fall/SD/Open_Cv_practice/face_recognize/eigenfaces/pic/eli/8.JPG;3
